1,%C2%A3.txt
2,100%25renewableenergy.txt
3,1973oilcrisis.txt
4,1979energycrisis.txt
5,2000wattsociety.txt
6,3Degrees.txt
7,7BillionActions.txt
8,Actinide.txt
9,Adaptationtoglobalwarming.txt
10,Address(geography).txt
11,Affordablehousing.txt
12,Agenda21.txt
13,Agenda21forculture.txt
14,AGMbattery.txt
15,Agriculturalwastewatertreatment.txt
16,Agroecology.txt
17,Agroforestry.txt
18,Agu%C3%A7adoraWavePark.txt
19,AintreeMotorRacingCircuit.txt
20,Airpollution.txt
21,AldoLeopold.txt
22,AlexandervonHumboldt.txt
23,Algaefuel.txt
24,AlliancetoSaveEnergy.txt
25,AltaWindEnergyCenter.txt
26,Alternativeenergy.txt
27,Alternativefuel.txt
28,AmazonRainforest.txt
29,AmericanCouncilofEngineeringCompanies.txt
30,AmericanPhysicalSociety.txt
31,Ammonia.txt
32,AModestProposal.txt
33,Anaerobicdigestion.txt
34,Andr%C3%A9sDuany.txt
35,AnEssayonthePrincipleofPopulation.txt
36,Anthropization.txt
37,Anthropocene.txt
38,Anthrozoology.txt
39,Anticonsumerism.txt
40,Apollo17.txt
41,AppliedEnergy.txt
42,Appliedsustainability.txt
43,Appropriatetechnology.txt
44,AquaticSpeciesProgram.txt
45,Architecture.txt
46,Artificialphotosynthesis.txt
47,AshdenAward.txt
48,AstonMartin.txt
49,AthensCharter.txt
50,Atmosphericdispersionmodeling.txt
51,Attractor.txt
52,Audi.txt
53,AudiA3.txt
54,AugustusIItheStrong.txt
55,AutosportInternational.txt
56,BadenW%C3%BCrttemberg.txt
57,Bamboo.txt
58,BanguiWindFarm.txt
59,BARDOffshore1.txt
60,Battery(electricity).txt
61,Batteryelectricvehicle.txt
62,Behavioraleconomics.txt
63,Behavioralgeography.txt
64,BillGates.txt
65,Biocapacity.txt
66,Biochar.txt
67,Biodiversity.txt
68,Bioenergy.txt
69,Bioenergywithcarboncaptureandstorage.txt
70,Biofuel.txt
71,Biogas.txt
72,Biomass.txt
73,Biomassbriquettes.txt
74,Biomassgasification.txt
75,Biomasspower.txt
76,Biomaterial.txt
77,Biorefinery.txt
78,Biosecurity.txt
79,Biosphere.txt
80,Bioticcommunity.txt
81,Birthcontrol.txt
82,BloombergL.P..txt
83,Brazil.txt
84,BrundtlandCommission.txt
85,Buildingintegratedphotovoltaics.txt
86,Builtenvironment.txt
87,California.txt
88,Caltech.txt
89,"Camarillo,California.txt"
90,Carboncapture.txt
91,Carboncaptureandstorage.txt
92,Carboncredit.txt
93,Carbondiet.txt
94,Carbondioxide.txt
95,Carbondioxiderecycling.txt
96,Carbondioxideremoval.txt
97,Carbonemissiontrading.txt
98,Carbonfinance.txt
99,Carbonfootprint.txt
100,Carbonicacid.txt
101,Carbonnegativefuel.txt
102,Carbonneutral.txt
103,Carbonneutralfuel.txt
104,Carbonneutralfuel_2.txt
105,Carbonneutrality.txt
106,Carbonoffset.txt
107,Carbonpricing.txt
108,CarbonRecyclingInternational.txt
109,Carbontax.txt
110,Carfreemovement.txt
111,Carryingcapacity.txt
112,Catholicsocialteaching.txt
113,Cellulosicethanol.txt
114,Celsius.txt
115,CenterforSustainableEnergyFarming.txt
116,ChamberofCommerce.txt
117,CharlesEmrysSmith.txt
118,"CharlesGordonLennox,EarlofMarchandKinrara.txt"
119,Chemicalindustry.txt
120,Chernobyldisaster.txt
121,Childdevelopment.txt
122,Christie%27s.txt
123,CirclesofSustainability.txt
124,Circulareconomy.txt
125,Cities.txt
126,CityBeautifulmovement.txt
127,Cityscape.txt
128,Civilengineering.txt
129,ClarencePerry.txt
130,ClarenceStein.txt
131,Classicalarchitecture.txt
132,ClassicMayacollapse.txt
133,Clay.txt
134,Cleancoaltechnology.txt
135,Cleantechnology.txt
136,Climatechange.txt
137,Climatechangemitigation.txt
138,ClubofRome.txt
139,Clusterdevelopment.txt
140,ClydeWindFarm.txt
141,Cogeneration.txt
142,ColinBuchanan(townplanner).txt
143,"Columbia,SouthCarolina.txt"
144,Commoncarrier.txt
145,CommunityChoiceAggregation.txt
146,Communityeconomicdevelopment.txt
147,Communitystudies.txt
148,Companytown.txt
149,CompleteCommunities.txt
150,Comprehensiveplanning.txt
151,Compressedair.txt
152,Computationalsustainability.txt
153,Concentratedsolarpower.txt
154,Concept.txt
155,ConceptDrivenStrategy.txt
156,Conceptualframework.txt
157,Conservation(ethic).txt
158,Conservationbiology.txt
159,Conservationdevelopment.txt
160,Consumption(economics).txt
161,Contexttheory.txt
162,Contract.txt
163,ConventiononBiologicalDiversity.txt
164,Corporatesustainability.txt
165,Costbenefitanalysis.txt
166,Counterterrorism.txt
167,Cradletocradle.txt
168,Creativecity.txt
169,Croprotation.txt
170,Crust(geology).txt
171,Cult.txt
172,Culturaldiversity.txt
173,Culturalpolicy.txt
174,Cummins.txt
175,DaimlerChrysler.txt
176,DanielBurnham.txt
177,Darkskymovement.txt
178,Darlington.txt
179,"DavidArmstrongJones,ViscountLinley.txt"
180,DavidRichards(racing).txt
181,Deepecology.txt
182,Deforestation.txt
183,DemocraticRepublicofCongo.txt
184,Demography.txt
185,DennisMeadows.txt
186,Desalination.txt
187,Desertification.txt
188,Developmenteconomics.txt
189,Dieselfuel.txt
190,Digitalobjectidentifier.txt
191,Distributedmanufacturing.txt
192,DonaldAppleyard.txt
193,DonellaMeadows.txt
194,DrakeLandingSolarCommunity.txt
195,DunsfoldPark.txt
196,Dynamicefficiency.txt
197,E.F.Schumacher.txt
198,Earth%27senergybudget.txt
199,EarthCharter.txt
200,EarthSummit.txt
201,EarthSummit2002.txt
202,EbenezerHoward.txt
203,Ecocommerce.txt
204,Ecoefficiency.txt
205,Ecoforestry.txt
206,Ecologicalanthropology.txt
207,Ecologicaldesign.txt
208,Ecologicaleconomics.txt
209,Ecologicalengineering.txt
210,Ecologicalfootprint.txt
211,Ecologicalhumanities.txt
212,Ecologicallysustainabledevelopment.txt
213,Ecologicalmodernization.txt
214,Ecology.txt
215,Economicdevelopment.txt
216,EconomicLetters.txt
217,Economy.txt
218,Ecopsychology.txt
219,Ecosystemservices.txt
220,Ecotax.txt
221,Ecovillage.txt
222,ECSDEV.txt
223,EdmundBacon(architect).txt
224,EducationforSustainableDevelopment.txt
225,Efficientenergyuse.txt
226,Ekistics.txt
227,EKOenergy.txt
228,Electricalpowerindustry.txt
229,Electricitygeneration.txt
230,Electricitymarket.txt
231,Electricityretailing.txt
232,Electricvehicle.txt
233,Electrolysisofwater.txt
234,ElizabethFarrelly.txt
235,Eminentdomain.txt
236,Emissionstandard.txt
237,Emissionstrading.txt
238,Endangeredspecies.txt
239,EnergyandEnvironmentalScience.txt
240,Energyconservation.txt
241,Energycrop.txt
242,Energydescent.txt
243,Energydevelopment.txt
244,Energyeconomics.txt
245,EnergyforSustainableDevelopment.txt
246,EnergyGlobeAward.txt
247,Energyhierarchy.txt
248,Energypark.txt
249,EnergyPolicy(journal).txt
250,Energypolicy.txt
251,Energypoverty.txt
252,Energyrecovery.txt
253,Energysecurity.txt
254,Energystorage.txt
255,Energytransition.txt
256,Engineering.txt
257,Enhancedgeothermalsystem.txt
258,Environmentalanthropology.txt
259,Environmentalcommunication.txt
260,Environmentalconservation.txt
261,Environmentaldegradation.txt
262,Environmentaldesign.txt
263,Environmentaleconomics.txt
264,Environmentaleducation.txt
265,Environmentalengineering.txt
266,Environmentalenterprise.txt
267,Environmentalepidemiology.txt
268,Environmentalethics.txt
269,Environmentalfinance.txt
270,Environmentalgovernance.txt
271,Environmentalhealth.txt
272,Environmentalhistory.txt
273,Environmentalimpactassessment.txt
274,Environmentalimpactofagriculture.txt
275,Environmentalimpactofaviation.txt
276,Environmentalimpactofbiodiesel.txt
277,Environmentalimpactofconcrete.txt
278,Environmentalimpactofelectricitygeneration.txt
279,Environmentalimpactoffishing.txt
280,Environmentalimpactofirrigation.txt
281,Environmentalimpactofmining.txt
282,Environmentalimpactofpaper.txt
283,Environmentalimpactofreservoirs.txt
284,Environmentalimpactofshipping.txt
285,Environmentalimpactoftheenergyindustry.txt
286,Environmentalimpactoftheoilshaleindustry.txt
287,Environmentalimpactofthepetroleumindustry.txt
288,Environmentalimpactofwar.txt
289,Environmentalism.txt
290,Environmentalissue.txt
291,Environmentaljustice.txt
292,Environmentallaw.txt
293,Environmentalmovement.txt
294,Environmentalplanning.txt
295,Environmentalpolicy.txt
296,Environmentalpolitics.txt
297,Environmentalpreservation.txt
298,Environmentalpricingreform.txt
299,Environmentalprotection.txt
300,Environmentalpsychology.txt
301,Environmentalremediation.txt
302,Environmentalresourcesmanagement.txt
303,Environmentalscience.txt
304,Environmentalsocialscience.txt
305,Environmentalsociology.txt
306,Environmentalstudies.txt
307,Environmentaltariff.txt
308,Environmentaltechnology.txt
309,Environmentfriendly.txt
310,Ethanol.txt
311,Ethanolfuel.txt
312,Ethicalconsumerism.txt
313,Ethnobiology.txt
314,Ethnobotany.txt
315,Ethnoecology.txt
316,Ethnozoology.txt
317,Eucalyptus.txt
318,EugeneGreenEnergyStandard.txt
319,Euro.txt
320,Europeanenvironmentalresearchandinnovationpolicy.txt
321,EuropeanUnion.txt
322,Evidencebased.txt
323,Exhaustgas.txt
324,Extinction.txt
325,GansuWindFarm.txt
326,Gardencitymovement.txt
327,Gasoline.txt
328,Gastoliquids.txt
329,Genderanddevelopment.txt
330,GeneralMotorsCorporation.txt
331,Gentrification.txt
332,Geography.txt
333,Geopark.txt
334,GeorgeMonbiot.txt
335,GeorgeOlah.txt
336,GeorgLudwigHartig.txt
337,Geothermalelectricity.txt
338,Geothermalenergy.txt
339,GeothermalenergyintheUnitedStates.txt
340,Geothermalexchangeheatpump.txt
341,Geothermalheat.txt
342,Geothermalpower.txt
343,GeothermalpowerinIceland.txt
344,GeothermalpowerinIndonesia.txt
345,GeothermalpowerinthePhilippines.txt
346,GiffordPinchot.txt
347,GilbertRist.txt
348,Girassolsolarpowerplant.txt
349,GlobalFootprintNetwork.txt
350,Globalwarming.txt
351,GoodwoodCircuit.txt
352,GoodwoodFestivalofSpeed.txt
353,GoogleBooks.txt
354,Gorlovhelicalturbine.txt
355,GreaterGabbardwindfarm.txt
356,Greenaccounting.txt
357,Greenbelt.txt
358,Greenbuilding.txt
359,Greencomputing.txt
360,Greencriminology.txt
361,Greendevelopment.txt
362,Greeneconomy.txt
363,GreenelectricityintheUnitedKingdom.txt
364,GreenFuelTechnologiesCorporation.txt
365,Greenhousegas.txt
366,Greenhousegases.txt
367,Greenhousegasremediation.txt
368,Greenjob.txt
369,Greenmarketing.txt
370,Greenparadox.txt
371,Greenpeace.txt
372,Greenpolitics.txt
373,Greenpower.txt
374,GreenRevolution.txt
375,Greentrading.txt
376,Gridenergystorage.txt
377,Gridplan.txt
378,Grindav%C3%ADk.txt
379,Grossdomesticproduct.txt
380,Growthmanagement.txt
381,GuyBenveniste.txt
382,Habitatdestruction.txt
383,HansCarlvonCarlowitz.txt
384,Healthycity.txt
385,Healthycommunitydesign.txt
386,Heatpumps.txt
387,Hemp.txt
388,HermanDaly.txt
389,Highlevelradioactivewastemanagement.txt
390,Historyofsustainability.txt
391,Holoceneextinction.txt
392,Horizon2020.txt
393,Hotdryrockgeothermalenergy.txt
394,Housingestate.txt
395,HowMuchLandDoesaManNeed%3F.txt
396,Humandevelopment(humanity).txt
397,HumanDevelopmentIndex.txt
398,Humanecology.txt
399,Humangeography.txt
400,Humanimpactontheenvironment.txt
401,Humanmigration.txt
402,Humanoverpopulation.txt
403,Humanpopulationcontrol.txt
404,Hybridvehicle.txt
405,Hydroelectricity.txt
406,Hydrogen.txt
407,Hydrogenation.txt
408,Hydrogeneconomy.txt
409,Hydrogenfuel.txt
410,Hydrogenfuelcellvehicles.txt
411,Hydrogentechnologies.txt
412,Hydropower.txt
413,I%3DPAT.txt
414,IanMcHarg.txt
415,Iceland.txt
416,Incineration.txt
417,Indexofurbanplanningarticles.txt
418,Industrialecology.txt
419,Industrialisation.txt
420,Industrialrevolution.txt
421,Industrialwastewatertreatment.txt
422,Infill.txt
423,Innovation.txt
424,InstitutionofEngineeringandTechnology(professionalsociety).txt
425,IntegralFastReactor.txt
426,Integratedgeography.txt
427,Intergenerationalequity.txt
428,Intermediatetechnology.txt
429,Intermittency.txt
430,Internalenergymarket.txt
431,InternationalConferenceonPopulationandDevelopment.txt
432,InternationalEnergyAgency.txt
433,InternationalInstituteforSustainableDevelopment.txt
434,InternationalNetworkforSustainableEnergy.txt
435,InternationalRenewableEnergyAgency.txt
436,InternationalStandardBookNumber.txt
437,InternationalStyle(architecture).txt
438,InternationalUnionfortheConservationofNature.txt
439,Internet.txt
440,Invasivespecies.txt
441,IPCCFifthAssessmentReport.txt
442,Irreversibility.txt
443,Israel.txt
444,JamesHowardKunstler.txt
445,JamesLovelock.txt
446,JamesRouse.txt
447,JamesSteinberg.txt
448,JaneJacobs.txt
449,Jatrophacurcas.txt
450,JeanBaptisteColbert.txt
451,JeremyRifkin.txt
452,Jetfuel.txt
453,JohnBaden.txt
454,JohnEvelyn.txt
455,JointBioEnergyInstitute.txt
456,JosephRomm.txt
457,JournalofEconomicPerspectives.txt
458,JournalofRenewableandSustainableEnergy.txt
459,JSTOR.txt
460,KennethE.Boulding.txt
461,KevinA.Lynch.txt
462,Kilowatthour.txt
463,Knowledgetranslation.txt
464,KonstantinosApostolosDoxiadis.txt
465,Landdegradation.txt
466,Landdevelopment.txt
467,Landethic.txt
468,Landreclamation.txt
469,Landscapearchitecture.txt
470,Landscapeplanning.txt
471,Landuse.txt
472,Landuseplanning.txt
473,Latentenergy.txt
474,LeadershipinEnergyandEnvironmentalDesign.txt
475,LEEDND.txt
476,LewisMumford.txt
477,Lignocellulosicbiomass.txt
478,LimitstoGrowth.txt
479,LincsWindFarm.txt
480,Liquefiednaturalgas.txt
481,Liquidnitrogen.txt
482,LisbonPrinciples.txt
483,Listofenergystorageprojects.txt
484,Listofenvironmentaldegreegrantinginstitutions.txt
485,Listofenvironmentaldegrees.txt
486,Listofenvironmentalsocialsciencejournals.txt
487,Listofenvironmentresearchinstitutes.txt
488,Listofmetropolitanareasbypopulation.txt
489,Listofplannedcities.txt
490,Listofplanningjournals.txt
491,Listofrenewableenergytopicsbycountry.txt
492,Listofsolidwastetreatmenttechnologies.txt
493,Listofurbanplanners.txt
494,Listofurbantheorists.txt
495,Listofwastewatertreatmenttechnologies.txt
496,Livablestreets.txt
497,Loadcurve.txt
498,Localfood.txt
499,LockheedMartin.txt
500,LondonArray.txt
501,Lowcarboneconomy.txt
502,LowEmissionDevelopmentStrategiesGlobalPartnership(LEDSGP).txt
503,LowerSnakeRiverWindProject.txt
504,Lowimpactdevelopment(UK).txt
505,MacarthurWindFarm.txt
506,Macroeconomics.txt
507,Mainselectricity.txt
508,Maize.txt
509,MalloryPark.txt
510,Malthusiancatastrophe.txt
511,Malthusiangrowthmodel.txt
512,Marginalabatementcost.txt
513,Marinespatialplanning.txt
514,Marketeconomy.txt
515,MassachusettsInstituteofTechnology.txt
516,Mathematics.txt
517,Megawatt.txt
518,Megawatts.txt
519,Methane.txt
520,Methanol.txt
521,Methanoleconomy.txt
522,Microgeneration.txt
523,Microsustainability.txt
524,Miscanthus.txt
525,Mixedfarming.txt
526,Mixedusedevelopment.txt
527,ModelCitiesProgram.txt
528,Modelvillage.txt
529,Modernarchitecture.txt
530,Motorsport.txt
531,MotorSportVision.txt
532,Multiplecropping.txt
533,Municipalsolidwaste.txt
534,Nanosolar.txt
535,Nanotechnology.txt
536,NASA.txt
537,Nation.txt
538,NationalRenewableEnergyLaboratory.txt
539,Naturalbuilding.txt
540,Naturalcapital.txt
541,Naturalenvironment.txt
542,Naturalgas.txt
543,Naturalgaspowerplant.txt
544,Naturalresource.txt
545,Naturalresourcemanagement.txt
546,Naturalresources.txt
547,Negativecarbondioxideemission.txt
548,NellisSolarPowerPlant.txt
549,NeoFuturism.txt
550,Netherlands.txt
551,Netmetering.txt
552,NevadaSolarOne.txt
553,NewcastleUniversity.txt
554,NewClassicalArchitecture.txt
555,NewMexico.txt
556,NewquayCornwallAirport.txt
557,Newtown.txt
558,NewUrbanism.txt
559,NicholasGeorgescuRoegen.txt
560,NicolaArmaroli.txt
561,NorthAmericancollegiatesustainabilityprograms.txt
562,NorthKivu.txt
563,NREL.txt
564,Nuclearfusion.txt
565,Nuclearpower.txt
566,Nuclearproliferation.txt
567,Nuclearreprocessing.txt
568,Nucleartransmutation.txt
569,"ObservationsConcerningtheIncreaseofMankind,PeoplingofCountries,etc..txt"
570,Occupationalsafetyandhealth.txt
571,Oceanenergy.txt
572,Offroading.txt
573,Ofgem.txt
574,Oilpalm.txt
575,Oilpriceincreasessince2003.txt
576,Onechildpolicy.txt
577,Opensource.txt
578,Opensourceappropriatetechnology.txt
579,OperatingManualforSpaceshipEarth.txt
580,Optimumpopulation.txt
581,Organiccertification.txt
582,Organizingprinciple.txt
583,OurCommonFuture.txt
584,Outlineofsustainability.txt
585,Overconsumption.txt
586,Overconsumption_2.txt
587,Overdrafting.txt
588,Overexploitation.txt
589,Overshoot(population).txt
590,Oxygen.txt
591,Oxyhydrogen.txt
592,PacifiCorp.txt
593,Palmoil.txt
594,PatrickGeddes.txt
595,PatrickMoore(environmentalist).txt
596,PaulJames(academic).txt
597,Peakoil.txt
598,PearsonPLC.txt
599,PelamisWaveEnergyConverter.txt
600,Permaculture.txt
601,Personalcarbontrading.txt
602,Personaldevelopment.txt
603,PeterCalthorpe.txt
604,Petroleum.txt
605,Phasechangematerial.txt
606,Philippines.txt
607,PhilosophicalTransactionsoftheRoyalSocietyA.txt
608,Philosophy.txt
609,PhilRadford.txt
610,Photovoltaic.txt
611,Photovoltaicpowerstations.txt
612,Physiologicaldensity.txt
613,Pigoviantax.txt
614,Pipelinetransport.txt
615,Placemaking.txt
616,Planetaryboundaries.txt
617,Planetarymanagement.txt
618,Plannedcities.txt
619,Plannedcommunity.txt
620,Planning.txt
621,Planningandzoningcommission.txt
622,Planninggain.txt
623,Plutonium.txt
624,Poland.txt
625,Politicalecology.txt
626,Pollution.txt
627,Pollutionhavenhypothesis.txt
628,Population.txt
629,PopulationActionInternational.txt
630,PopulationandDevelopmentReview.txt
631,PopulationandEnvironment.txt
632,Populationandhousingcensusesbycountry.txt
633,Populationbiology.txt
634,PopulationConnection.txt
635,Populationdecline.txt
636,Populationdensity.txt
637,Populationdynamics.txt
638,Populationecology.txt
639,Populationethics.txt
640,Populationgrowth.txt
641,PopulationMatters.txt
642,Populationmilestonebabies.txt
643,Populationmodel.txt
644,Populationmomentum.txt
645,Populationpyramid.txt
646,PopulationResearchInstitute.txt
647,Populus.txt
648,Portugal.txt
649,Poundsterling.txt
650,Poverty.txt
651,Powerstorage.txt
652,Pragmatism.txt
653,Preservationdevelopment.txt
654,PrinciplesofIntelligentUrbanism.txt
655,Prodrive.txt
656,Professionaltransportationplanner.txt
657,Projectionsofpopulationgrowth.txt
658,Property.txt
659,Publichealth.txt
660,Publicpolicy.txt
661,Publicutility.txt
662,PubMedIdentifier.txt
663,Pumpedstoragehydroelectricity.txt
664,Quarry.txt
665,Quietrevolutionwindturbine.txt
666,RachelCarson.txt
667,Radicalplanning.txt
668,Radioactivewaste.txt
669,Rainforest.txt
670,RainforestAlliance.txt
671,RandalO%27Toole.txt
672,Rationalplanningmodel.txt
673,RaymondUnwin.txt
674,Realestatedevelopment.txt
675,Recreationresourceplanning.txt
676,Recursion.txt
677,Recycling.txt
678,Redevelopment.txt
679,Regenerativedesign.txt
680,Regionalplanning.txt
681,RegionalPlanningAssociationofAmerica.txt
682,Regionalscience.txt
683,Remoteareapowersupply.txt
684,RenewableandSustainableEnergyReviews.txt
685,Renewableelectricity.txt
686,RenewableEnergy(journal).txt
687,Renewableenergy.txt
688,RenewableEnergyandEnergyEfficiencyPartnership.txt
689,RenewableEnergyCertificate.txt
690,Renewableenergycommercialization.txt
691,RenewableenergyinAfghanistan.txt
692,RenewableenergyinAfrica.txt
693,RenewableenergyinAlbania.txt
694,RenewableenergyinArgentina.txt
695,RenewableenergyinAsia.txt
696,RenewableenergyinAustralia.txt
697,RenewableenergyinBangladesh.txt
698,RenewableenergyinBhutan.txt
699,RenewableenergyinBrazil.txt
700,RenewableenergyinCanada.txt
701,RenewableenergyinChile.txt
702,RenewableenergyinChina.txt
703,RenewableenergyinColombia.txt
704,RenewableenergyinCostaRica.txt
705,RenewableenergyinDenmark.txt
706,RenewableenergyinEthiopia.txt
707,RenewableenergyinFinland.txt
708,RenewableenergyinGermany.txt
709,RenewableenergyinGreece.txt
710,RenewableenergyinHonduras.txt
711,RenewableenergyinHungary.txt
712,RenewableenergyinIceland.txt
713,RenewableenergyinIndia.txt
714,RenewableenergyinItaly.txt
715,RenewableenergyinKazakhstan.txt
716,RenewableenergyinKenya.txt
717,RenewableenergyinLithuania.txt
718,RenewableenergyinLuxembourg.txt
719,RenewableenergyinMexico.txt
720,RenewableenergyinMorocco.txt
721,RenewableenergyinNepal.txt
722,RenewableenergyinNewZealand.txt
723,RenewableenergyinNorway.txt
724,RenewableenergyinPakistan.txt
725,RenewableenergyinPortugal.txt
726,RenewableenergyinRussia.txt
727,RenewableenergyinScotland.txt
728,RenewableenergyinSeychelles.txt
729,RenewableenergyinSpain.txt
730,RenewableenergyinSweden.txt
731,RenewableenergyinTaiwan.txt
732,RenewableenergyinThailand.txt
733,RenewableenergyintheCzechRepublic.txt
734,RenewableenergyintheEuropeanUnion.txt
735,RenewableenergyintheNetherlands.txt
736,RenewableenergyinthePhilippines.txt
737,RenewableenergyintheRepublicofIreland.txt
738,RenewableenergyintheUnitedKingdom.txt
739,RenewableenergyintheUnitedStates.txt
740,RenewableenergyinTuvalu.txt
741,Renishawplc.txt
742,Reproductiverights.txt
743,Resourceintensity.txt
744,RioDeclarationonEnvironmentandDevelopment.txt
745,RockinghamMotorSpeedway.txt
746,RockyMountainPower.txt
747,RotaryRacer.txt
748,RoyalCommissionfortheExhibitionof1851.txt
749,RoyalSocietyofChemistry.txt
750,Runoftheriverhydroelectricity.txt
751,Ruralhousing.txt
752,Ruralsociology.txt
753,s.txt
754,Sabatierreaction.txt
755,SandiaNationalLaboratories.txt
756,SantuarideLluc.txt
757,"Science,technologyandsociety.txt"
758,Science.txt
759,Sciencestudies.txt
760,Scotland.txt
761,ScottishExecutive.txt
762,SDEWESCentre.txt
763,SeaGen.txt
764,Seasonalthermalenergystorage.txt
765,Seawater.txt
766,Sensibleheat.txt
767,Settlementmovement.txt
768,Sevcon.txt
769,Sewagetreatment.txt
770,SGBiofuels.txt
771,ShepherdsFlatWindFarm.txt
772,SheringhamShoalOffshoreWindFarm.txt
773,Siemens.txt
774,SilentSpring.txt
775,SilesianUniversityofTechnology.txt
776,SiliconValleyPower.txt
777,Simpleliving.txt
778,Singapore.txt
779,SmallisBeautiful.txt
780,Smartgrid.txt
781,Smartgrowth.txt
782,Socialandenvironmentalimpactofpalmoil.txt
783,Socialcapital.txt
784,Socialchange.txt
785,Socialcognition.txt
786,Socialsciences.txt
787,Socialsolidarity.txt
788,Socialsustainability.txt
789,Society.txt
790,SocietyforInternationalDevelopment.txt
791,Sociology.txt
792,Sociologyofknowledge.txt
793,SolarDecathlon.txt
794,Solarenergy.txt
795,SolarEnergyGeneratingSystems.txt
796,Solarheating.txt
797,Solarphotovoltaics.txt
798,Solarpower.txt
799,SolarpowerstationinVictoria.txt
800,Solarsystem.txt
801,Solarthermal.txt
802,Solartrough.txt
803,Sorghum.txt
804,Spacebasedsolarpower.txt
805,Spain.txt
806,Spatialplanning.txt
807,Specifications.txt
808,Standalonepowersystem.txt
809,Steadystateeconomy.txt
810,Steadystateeconomy_2.txt
811,Stewardship.txt
812,Stirlingengine.txt
813,StockholmSchoolofEconomics.txt
814,StrangfordLough.txt
815,Structuralism(architecture).txt
816,Suburbia.txt
817,Sugarcane.txt
818,Sugarcane_2.txt
819,Sulfurdioxide.txt
820,SunEdison.txt
821,Sussex.txt
822,Sustainability.txt
823,Sustainabilityaccounting.txt
824,Sustainabilityadvertising.txt
825,Sustainabilityandenvironmentalmanagement.txt
826,Sustainabilityandsystemicchangeresistance.txt
827,Sustainabilitybrand.txt
828,Sustainabilitymarketingmyopia.txt
829,Sustainabilitymeasurement.txt
830,Sustainabilitymetricsandindices.txt
831,Sustainabilityorganizations.txt
832,Sustainabilitypracticesinorganizations.txt
833,Sustainabilityreporting.txt
834,Sustainabilityscience.txt
835,Sustainabilitystandardsandcertification.txt
836,Sustainabilitystudies.txt
837,Sustainableadvertising.txt
838,Sustainableagriculture.txt
839,Sustainablearchitecture.txt
840,Sustainableart.txt
841,Sustainablebiofuel.txt
842,Sustainablebusiness.txt
843,Sustainablecity.txt
844,Sustainablecoffee.txt
845,Sustainablecommunity.txt
846,Sustainableconsumption.txt
847,Sustainabledesign.txt
848,Sustainabledevelopment.txt
849,SustainableDevelopmentGoals.txt
850,Sustainableenergy.txt
851,SustainableEnergyforAll.txt
852,Sustainablefashion.txt
853,Sustainablefishery.txt
854,Sustainableforestmanagement.txt
855,Sustainablegardening.txt
856,Sustainableindustries.txt
857,Sustainablelandmanagement.txt
858,Sustainablelandscapearchitecture.txt
859,Sustainableliving.txt
860,Sustainablemarket.txt
861,Sustainablematerialsmanagement.txt
862,Sustainablepackaging.txt
863,Sustainableprocurement.txt
864,Sustainabletourism.txt
865,Sustainabletransport.txt
866,Sustainabletransportation.txt
867,Sustainableurbandrainagesystems.txt
868,Sustainableurbaninfrastructure.txt
869,Sustainableyield.txt
870,Sustainedyield.txt
871,Sustainopreneurship.txt
872,SvartsengiPowerStation.txt
873,Switchgrass.txt
874,"Sylva,orADiscourseofForestTreesandthePropagationofTimber.txt"
875,Syntheticfuel.txt
876,Systemsecology.txt
877,Tankership.txt
878,Tankertruck.txt
879,Technology.txt
880,Temperature.txt
881,Temperaturegradient.txt
882,Temporaryuse.txt
883,ThanetWindFarm.txt
884,TheBlueMarble.txt
885,TheBrookingsInstitution.txt
886,TheGeysers.txt
887,TheInstitutionofMechanicalEngineers.txt
888,TheLimitstoGrowth.txt
889,TheologicalStudies(journal).txt
890,Theoriesofurbanplanning.txt
891,ThePopulationBomb.txt
892,Thermalenergystorage.txt
893,Thermoeconomics.txt
894,TheSkepticalEnvironmentalist.txt
895,TheUltimateResource.txt
896,TheVenusProject.txt
897,Thirdplace.txt
898,ThomasAdams(architect).txt
899,Thorium.txt
900,Thoriumbasednuclearpower.txt
901,Thoriumfuelcycle.txt
902,Tidalpower.txt
903,Tidalstreamgenerator.txt
904,TopGeartesttrack.txt
905,Tragedyofthecommons.txt
906,Transitiondesign.txt
907,Transitiontowns.txt
908,Transitorienteddevelopment.txt
909,TransMediterraneanRenewableEnergyCooperation.txt
910,Transportationforecasting.txt
911,Transportationplanning.txt
912,Treestump.txt
913,Tripdistribution.txt
914,Triplebottomline.txt
915,Turbine.txt
916,Twochildpolicy.txt
917,Uncertainty.txt
918,UNConferenceonEnvironmentandDevelopment.txt
919,UNEP.txt
920,UNESCO.txt
921,UnitedCitiesandLocalGovernments.txt
922,UnitedNations.txt
923,UnitedNationsCharter.txt
924,UnitedNationsConferenceonSustainableDevelopment.txt
925,UnitedNationsConferenceontheHumanEnvironment.txt
926,UnitedNationsEnvironmentProgramme.txt
927,UnitedNationsGlobalCompact.txt
928,UnitedNationsMillenniumDeclaration.txt
929,UnitedNationsPopulationFund.txt
930,UnitedStatesDepartmentofEnergy.txt
931,UnitedStatesEnvironmentalProtectionAgency.txt
932,Unitofanalysis.txt
933,UniversityofNewHampshire.txt
934,UniversityofNorthCarolina.txt
935,Uraniumfuelcycle.txt
936,Urbanacupuncture.txt
937,Urbandesign.txt
938,Urbanecology.txt
939,Urbanfreightdistribution.txt
940,Urbangeography.txt
941,Urbanhorticulture.txt
942,Urbanization.txt
943,Urbanmetabolism.txt
944,Urbanplanning.txt
945,Urbanrenewal.txt
946,Urbansprawl.txt
947,Urbanstudies.txt
948,USDA.txt
949,USForestService.txt
950,UTZCertified.txt
951,Vehiclefleet.txt
952,Vernaculararchitecture.txt
953,Villagedesignstatement.txt
954,VincenzoBalzani.txt
955,VirungaNationalPark.txt
956,Volcanoes.txt
957,VoluntaryHumanExtinctionMovement.txt
958,Wake.txt
959,WaldpolenzSolarPark.txt
960,WalneyWindFarm.txt
961,Waste.txt
962,Wastemanagement.txt
963,Waterconservation.txt
964,Watercrisis.txt
965,Waterefficiency.txt
966,Waterelectrolysis.txt
967,Waterfootprint.txt
968,Waterpurification.txt
969,Waterscarcity.txt
970,Wavefarm.txt
971,Wavepower.txt
972,WaybackMachine.txt
973,WBCSD.txt
974,Weakandstrongsustainability.txt
975,WelshGovernment.txt
976,Werlte.txt
977,WestminsterJohnKnoxPress.txt
978,Wilderness.txt
979,Wildlife.txt
980,Willow.txt
981,Wind.txt
982,Windenergy.txt
983,Windfarm.txt
984,Windpower.txt
985,WindpowerinDenmark.txt
986,WindpowerinGermany.txt
987,WindpowerinSpain.txt
988,Windturbine.txt
989,World3.txt
990,WorldBank.txt
991,WorldCharterforNature.txt
992,WorldCommissiononEnvironmentandDevelopment.txt
993,Worldeconomy.txt
994,Worldenergyconsumption.txt
995,Worldenergyresources.txt
996,Worldpopulation.txt
997,WorldPopulationDay.txt
998,WorldPopulationFoundation.txt
999,WorldWideFundforNature.txt
1000,Zerocarboncity.txt
